<?xml version="1.0" ?>
<AppSettings>
    <DrumSettings note="36" lengthIndex="2" gain="1.000000" />
    <DrumSettings note="37" lengthIndex="2" gain="1.000000" />
    <DrumSettings note="38" lengthIndex="2" gain="1.000000" />
    <DrumSettings note="39" lengthIndex="2" gain="1.000000" />
    <DrumSettings note="40" lengthIndex="2" gain="1.000000" />
    <DrumSettings note="47" lengthIndex="2" gain="1.000000" />
    <DrumSettings note="45" lengthIndex="2" gain="1.000000" />
    <DrumSettings note="43" lengthIndex="2" gain="1.000000" />
</AppSettings>
